[
      {
        "year": 2024,
        "전체 자산(시장가)": 1185211,
        "복지 부문": 205,
        "금융 부문(국내주식)": 140651,
        "금융 부문(해외주식)": 420492,
        "금융 부문(국내채권)": 346084,
        "금융 부문(해외채권)": 84224,
        "금융 부문(대체투자)": 190066,
        "금융 부문(단기자금)": 3027,
        "기타 부문": 1203
      },
      {
        "year": 2023,
        "전체 자산(시장가)": 1035795,
        "복지 부문": 202,
        "금융 부문(국내주식)": 148042,
        "금융 부문(해외주식)": 320361,
        "금융 부문(국내채권)": 326023,
        "금융 부문(해외채권)": 73673,
        "금융 부문(대체투자)": 164204,
        "금융 부문(단기자금)": 2480,
        "기타 부문": 395
      },
      {
        "year": 2022,
        "전체 자산(시장가)": 890466,
        "복지 부문": 204,
        "금융 부문(국내주식)": 125373,
        "금융 부문(해외주식)": 240894,
        "금융 부문(국내채권)": 311186,
        "금융 부문(해외채권)": 63288,
        "금융 부문(대체투자)": 146232,
        "금융 부문(단기자금)": 2017,
        "기타 부문": 427
      },
      {
        "year": 2021,
        "전체 자산(시장가)": 948719,
        "복지 부문": 201,
        "금융 부문(국내주식)": 165808,
        "금융 부문(해외주식)": 256625,
        "금융 부문(국내채권)": 339991,
        "금융 부문(해외채권)": 63896,
        "금융 부문(대체투자)": 119305,
        "금융 부문(단기자금)": 2481,
        "기타 부문": 413
      },
      {
        "year": 2020,
        "전체 자산(시장가)": 833728,
        "복지 부문": 180,
        "금융 부문(국내주식)": 176696,
        "금융 부문(해외주식)": 192752,
        "금융 부문(국내채권)": 326099,
        "금융 부문(해외채권)": 44883,
        "금융 부문(대체투자)": 90660,
        "금융 부문(단기자금)": 2049,
        "기타 부문": 409
      },
      {
        "year": 2019,
        "전체 자산(시장가)": 736654,
        "복지 부문": 166,
        "금융 부문(국내주식)": 132261,
        "금융 부문(해외주식)": 166528,
        "금융 부문(국내채권)": 320751,
        "금융 부문(해외채권)": 30462,
        "금융 부문(대체투자)": 84295,
        "금융 부문(단기자금)": 1782,
        "기타 부문": 408
      }
    ]
